<?xml version="1.0" encoding="UTF-8"?>
<project-private xmlns="http://www.netbeans.org/ns/project-private/1">
    <editor-bookmarks xmlns="http://www.netbeans.org/ns/editor-bookmarks/2" lastBookmarkId="0"/>
    <open-files xmlns="http://www.netbeans.org/ns/projectui-open-files/2">
        <group>
            <file>file:/C:/Users/uniminuto.UVD-COORSALUD/Documents/NetBeansProjects/GameOfLife/src/controlador/Controlador.java</file>
            <file>file:/C:/Users/uniminuto.UVD-COORSALUD/Documents/NetBeansProjects/GameOfLife/src/interfaz/InterfazApp.java</file>
            <file>file:/C:/Users/uniminuto.UVD-COORSALUD/Documents/NetBeansProjects/GameOfLife/src/interfaz/PanelSimulacion.java</file>
            <file>file:/C:/Users/uniminuto.UVD-COORSALUD/Documents/NetBeansProjects/GameOfLife/src/interfaz/PanelMundo.java</file>
        </group>
    </open-files>
</project-private>
